insert into Games( NAME, CATEGORY, PRICE, DESCRIPTION, IMAGE_FILE_NAME,CONSOLE)
values ( 'doom', 'Horror', 50,
        '"doom" is a pioneering first-person shooter game that pits players against demons in a high-octane battle for survival. Launched in 1993,'
            ' it''s celebrated for revolutionizing the genre with its intense gameplay and graphics.', 'doom_image.jpg','pc');
insert into Games( NAME, CATEGORY, PRICE, DESCRIPTION, IMAGE_FILE_NAME,CONSOLE)
VALUES ( 'Minecraft', 'Adventure', 26.95,
        '"Minecraft offers endless possibilities in a sandbox environment where players can build, explore, and survive in a blocky, procedurally generated 3D world. Launched in 2011,' ||
        ' it''s become a phenomenon for its creative freedom and community-driven content."', 'minecraft_image.jpg','pc');
insert into Games( NAME, CATEGORY, PRICE, DESCRIPTION, IMAGE_FILE_NAME,CONSOLE)
VALUES ( 'The Legend of Zelda: Breath of the Wild', 'Adventure', 59.99,
        '"Breath of the Wild redefines open-world exploration in the iconic Zelda series, offering unparalleled freedom and a breathtaking world. Released in 2017,' ||
        ' it''s acclaimed for its innovative gameplay and immersive environment."',
        'zelda_image.jpeg','ps5');
insert into Games( NAME, CATEGORY, PRICE, DESCRIPTION, IMAGE_FILE_NAME,CONSOLE)
VALUES ( 'Dark Souls', 'Horror', 39.99,
        '"Dark Souls delivers a challenging and rewarding RPG experience with intricate world design, deep lore, and unforgiving difficulty. Since 2011,' ||
        ' it has captivated players with its emphasis on exploration and player skill."', 'darksouls_image.jpg','nintendo');

insert into Games( NAME, CATEGORY, PRICE, DESCRIPTION, IMAGE_FILE_NAME,CONSOLE)
VALUES ( 'The Witcher 3: Wild Hunt', 'Horror', 49.99,
        '"The Witcher 3: Wild Hunt is celebrated for its rich storytelling, expansive open world, and deep character development. Released in 2015,' ||
        ' it''s praised as one of the greatest RPGs of all time for its narrative depth and world-building."',
        'witcher_image.png','nintendo');
insert into Games( NAME, CATEGORY, PRICE, DESCRIPTION, IMAGE_FILE_NAME,CONSOLE)
VALUES ( 'Super Mario Odyssey', 'Adventure', 59.99,
        '"Super Mario Odyssey takes players on a globe-trotting adventure with Mario, featuring innovative gameplay and captivating worlds. Launched in 2017,' ||
        ' it''s renowned for its creativity and charm."', 'mario_image.png','ps5');
insert into Games( NAME, CATEGORY, PRICE, DESCRIPTION, IMAGE_FILE_NAME,CONSOLE)
VALUES ( 'Grand Theft Auto V', 'Action', 29.99,
        '"Grand Theft Auto V offers an expansive, open-world experience with deep narrative, stunning visuals, and extensive online gameplay. Released in 2013,' ||
        ' it has become one of the best-selling video games of all time."', 'gta_image.png','xbox');
insert into Games( NAME, CATEGORY, PRICE, DESCRIPTION, IMAGE_FILE_NAME,CONSOLE)
VALUES ( 'Among Us', 'Horror', 5,
        '"Among Us is a multiplayer game that blends social deduction with fun, space-themed gameplay. Since 2018,' ||
        ' it has surged in popularity, becoming a hit for its engaging mechanics and party game atmosphere."',
        'amongus_image.png','ps5');
insert into Games( NAME, CATEGORY, PRICE, DESCRIPTION, IMAGE_FILE_NAME,CONSOLE)
VALUES ( 'Animal Crossing: New Horizons', 'Adventure', 59.99,
        '"Animal Crossing: New Horizons offers a relaxing escape to a personalized island paradise with charming characters and creative freedom. Released in 2020,' ||
        ' it has become a cultural phenomenon for its cozy gameplay and community aspect."',
        'horizons_image.png','xbox');

INSERT INTO Games(NAME, CATEGORY, PRICE, DESCRIPTION, IMAGE_FILE_NAME, CONSOLE)
VALUES
    ('Arma', 'Shooter', 39.99, 'A military simulation game offering a realistic combat experience in a sandbox environment. Known for its extensive mod support and complex gameplay.', 'arma_image.png', 'pc'),
    ('Assassins Creed', 'Adventure', 59.99, 'A historical action-adventure game that merges stealth, parkour, and combat in a narrative-driven experience across various historical settings.', 'assassinscreed_image.png', 'ps5'),
    ('Battlefield', 'Shooter', 59.99, 'A multiplayer-focused first-person shooter known for its large-scale battles, vehicular combat, and team-based gameplay.', 'battlefield_image.png', 'xbox'),
    ('Call of Duty', 'Shooter', 59.99, 'A first-person shooter franchise known for its cinematic single-player campaigns and competitive multiplayer modes.', 'callofduty_image.png', 'pc'),
    ('Counter Strike', 'Shooter', 15.99, 'A landmark in competitive first-person shooters focusing on team-based tactics and precise gunplay.', 'counterstrike_image.png', 'pc'),
    ('Doom3', 'Horror', 29.99, 'A fast-paced and brutal first-person shooter that revitalized the genre with its modern iteration, offering intense single-player and multiplayer experiences.', 'doom3_image.png', 'pc'),
    ('Fallout', 'Adventure', 49.99, 'A post-apocalyptic RPG series known for its open-world exploration, rich storytelling, and player choice, set in a world ravaged by nuclear war.', 'fallout_image.png', 'ps5'),
    ('Fortnite', 'Survival', 0, 'A free-to-play Battle Royale game that has taken the world by storm, known for its building mechanics, colorful visuals, and frequent updates.', 'fortnite_image.png', 'nintendo'),
    ('Half-Life', 'Shooter', 9.99, 'A science fiction first-person shooter with a compelling story, innovative gameplay, and a richly detailed world.', 'halflife_image.png', 'pc'),
    ('Heroes of Might and Magic', 'Adventure', 19.99, 'A strategy game series combining turn-based strategy with RPG elements, set in a fantasy world of might and magic.', 'heroesofmightandmagic_image.png', 'pc'),
    ('Mortal Kombat', 'Horror', 49.99, 'A brutal fighting game known for its gruesome fatalities, deep fighting mechanics, and extensive roster of characters.', 'mortalkombat_image.png', 'xbox'),
    ('Pac-Man', 'Adventure', 4.99, 'The classic arcade game where players navigate Pac-Man through a maze, eating dots and avoiding ghosts.', 'pacman_image.png', 'nintendo'),
    ('PUBG', 'Survival', 29.99, 'One of the original Battle Royale games that offers intense matches with a focus on survival, strategy, and scavenging.', 'pubg_image.png', 'pc'),
    ('Red Dead Redemption', 'Action', 59.99, 'An open-world, western-themed action-adventure game with a strong narrative, expansive world, and deep gameplay mechanics.', 'reddeadredemption_image.png', 'xbox'),
    ('Stalker', 'Shooter', 19.99, 'A first-person shooter survival horror game set in the Chernobyl Exclusion Zone, filled with mutants, anomalies, and radiation.', 'stalker_image.png', 'pc'),
    ('Scum', 'Survival', 34.99, 'A survival game known for its detailed metabolism simulator, massive open world, and intense player interactions.', 'scum_image.png', 'pc'),
    ('Starcraft', 'Survival', 14.99, 'A landmark real-time strategy game known for its compelling story, deep strategic gameplay','war_craft.png','xbox');


INSERT INTO REVIEWS (ID, REVIEW, DATE, NAME) VALUES ('1', 'Absolutely thrilling experience!', CURRENT_TIMESTAMP, 'Alex');
INSERT INTO REVIEWS (ID, REVIEW, DATE, NAME) VALUES ('2', 'A masterpiece of storytelling.', CURRENT_TIMESTAMP, 'Jordan');
INSERT INTO REVIEWS (ID, REVIEW, DATE, NAME) VALUES ('3', 'Incredibly immersive world.', CURRENT_TIMESTAMP, 'Taylor');
INSERT INTO REVIEWS (ID, REVIEW, DATE, NAME) VALUES ('4', 'Had me on the edge of my seat!', CURRENT_TIMESTAMP, 'Casey');
INSERT INTO REVIEWS (ID, REVIEW, DATE, NAME) VALUES ('5', 'The graphics are breathtaking.', CURRENT_TIMESTAMP, 'Jamie');
INSERT INTO REVIEWS (ID, REVIEW, DATE, NAME) VALUES ('6', 'Superb gameplay mechanics.', CURRENT_TIMESTAMP, 'Morgan');
INSERT INTO REVIEWS (ID, REVIEW, DATE, NAME) VALUES ('7', 'Very engaging from start to finish.', CURRENT_TIMESTAMP, 'Charlie');
INSERT INTO REVIEWS (ID, REVIEW, DATE, NAME) VALUES ('8', 'Could use more content updates.', CURRENT_TIMESTAMP, 'Drew');
INSERT INTO REVIEWS (ID, REVIEW, DATE, NAME) VALUES ('9', 'A bit repetitive over time.', CURRENT_TIMESTAMP, 'Pat');
INSERT INTO REVIEWS (ID, REVIEW, DATE, NAME) VALUES ('10', 'Great for short, fun sessions.', CURRENT_TIMESTAMP, 'Sam');
INSERT INTO REVIEWS (ID, REVIEW, DATE, NAME) VALUES ('11', 'The multiplayer mode is fantastic.', CURRENT_TIMESTAMP, 'Alexis');
INSERT INTO REVIEWS (ID, REVIEW, DATE, NAME) VALUES ('12', 'Sound design is top-notch.', CURRENT_TIMESTAMP, 'Taylor');
INSERT INTO REVIEWS (ID, REVIEW, DATE, NAME) VALUES ('13', 'Story is engaging and deep.', CURRENT_TIMESTAMP, 'Jordan');
INSERT INTO REVIEWS (ID, REVIEW, DATE, NAME) VALUES ('14', 'A true classic in its genre.', CURRENT_TIMESTAMP, 'Morgan');
INSERT INTO REVIEWS (ID, REVIEW, DATE, NAME) VALUES ('15', 'Puzzle elements are quite challenging.', CURRENT_TIMESTAMP, 'Casey');
INSERT INTO REVIEWS (ID, REVIEW, DATE, NAME) VALUES ('16', 'Perfect game for strategy lovers.', CURRENT_TIMESTAMP, 'Charlie');
INSERT INTO REVIEWS (ID, REVIEW, DATE, NAME) VALUES ('17', 'Controls feel a bit clunky.', CURRENT_TIMESTAMP, 'Drew');
INSERT INTO REVIEWS (ID, REVIEW, DATE, NAME) VALUES ('18', 'The art style is unique and appealing.', CURRENT_TIMESTAMP, 'Pat');
INSERT INTO REVIEWS (ID, REVIEW, DATE, NAME) VALUES ('19', 'Character development is excellent.', CURRENT_TIMESTAMP, 'Jamie');
INSERT INTO REVIEWS (ID, REVIEW, DATE, NAME) VALUES ('20', 'Level design is ingenious.', CURRENT_TIMESTAMP, 'Sam');
INSERT INTO REVIEWS (ID, REVIEW, DATE, NAME) VALUES ('21', 'AI opponents are quite smart.', CURRENT_TIMESTAMP, 'Alexis');
INSERT INTO REVIEWS (ID, REVIEW, DATE, NAME) VALUES ('22', 'Enjoyable for both kids and adults.', CURRENT_TIMESTAMP, 'Alex');
INSERT INTO REVIEWS (ID, REVIEW, DATE, NAME) VALUES ('23', 'A bit short but sweet.', CURRENT_TIMESTAMP, 'Taylor');
INSERT INTO REVIEWS (ID, REVIEW, DATE, NAME) VALUES ('24', 'DLCs add a lot of value.', CURRENT_TIMESTAMP, 'Jordan');
INSERT INTO REVIEWS (ID, REVIEW, DATE, NAME) VALUES ('25', 'The community is very active and helpful.', CURRENT_TIMESTAMP, 'Morgan');
INSERT INTO REVIEWS (ID, REVIEW, DATE, NAME) VALUES ('26', 'Runs smoothly on mid-range hardware.', CURRENT_TIMESTAMP, 'Casey');


INSERT INTO GAMES_REVIEWS (REVIEWS_ID,GAMES_ID)VALUES(1,1);
INSERT INTO GAMES_REVIEWS (REVIEWS_ID,GAMES_ID)VALUES(2,1);
INSERT INTO GAMES_REVIEWS (REVIEWS_ID,GAMES_ID)VALUES(2,2);
INSERT INTO GAMES_REVIEWS (REVIEWS_ID,GAMES_ID)VALUES(3,2);
INSERT INTO GAMES_REVIEWS (REVIEWS_ID,GAMES_ID)VALUES(1,3);
INSERT INTO GAMES_REVIEWS (REVIEWS_ID,GAMES_ID)VALUES(2,3);
INSERT INTO GAMES_REVIEWS (REVIEWS_ID,GAMES_ID)VALUES(4,4);
INSERT INTO GAMES_REVIEWS (REVIEWS_ID,GAMES_ID)VALUES(3,4);
INSERT INTO GAMES_REVIEWS (REVIEWS_ID,GAMES_ID)VALUES(5,5);
INSERT INTO GAMES_REVIEWS (REVIEWS_ID,GAMES_ID)VALUES(6,5);
INSERT INTO GAMES_REVIEWS (REVIEWS_ID,GAMES_ID)VALUES(5,6);
INSERT INTO GAMES_REVIEWS (REVIEWS_ID,GAMES_ID)VALUES(7,7);
INSERT INTO GAMES_REVIEWS (REVIEWS_ID,GAMES_ID)VALUES(8,8);
INSERT INTO GAMES_REVIEWS (REVIEWS_ID,GAMES_ID)VALUES(9,9);
INSERT INTO GAMES_REVIEWS (REVIEWS_ID,GAMES_ID)VALUES(10,10);
INSERT INTO GAMES_REVIEWS (REVIEWS_ID,GAMES_ID)VALUES(11,11);
INSERT INTO GAMES_REVIEWS (REVIEWS_ID,GAMES_ID)VALUES(12,11);
INSERT INTO GAMES_REVIEWS (REVIEWS_ID,GAMES_ID)VALUES(12,12);
INSERT INTO GAMES_REVIEWS (REVIEWS_ID,GAMES_ID)VALUES(13,13);
INSERT INTO GAMES_REVIEWS (REVIEWS_ID,GAMES_ID)VALUES(14,14);
INSERT INTO GAMES_REVIEWS (REVIEWS_ID,GAMES_ID)VALUES(5,14);
INSERT INTO GAMES_REVIEWS (REVIEWS_ID,GAMES_ID)VALUES(15,15);
INSERT INTO GAMES_REVIEWS (REVIEWS_ID,GAMES_ID)VALUES(16,16);
INSERT INTO GAMES_REVIEWS (REVIEWS_ID,GAMES_ID)VALUES(17,17);
INSERT INTO GAMES_REVIEWS (REVIEWS_ID,GAMES_ID)VALUES(18,18);
INSERT INTO GAMES_REVIEWS (REVIEWS_ID,GAMES_ID)VALUES(19,19);
INSERT INTO GAMES_REVIEWS (REVIEWS_ID,GAMES_ID)VALUES(7,19);
INSERT INTO GAMES_REVIEWS (REVIEWS_ID,GAMES_ID)VALUES(20,20);
INSERT INTO GAMES_REVIEWS (REVIEWS_ID,GAMES_ID)VALUES(21,21);
INSERT INTO GAMES_REVIEWS (REVIEWS_ID,GAMES_ID)VALUES(5,21);
INSERT INTO GAMES_REVIEWS (REVIEWS_ID,GAMES_ID)VALUES(8,21);
INSERT INTO GAMES_REVIEWS (REVIEWS_ID,GAMES_ID)VALUES(22,22);
INSERT INTO GAMES_REVIEWS (REVIEWS_ID,GAMES_ID)VALUES(16,22);
INSERT INTO GAMES_REVIEWS (REVIEWS_ID,GAMES_ID)VALUES(23,23);
INSERT INTO GAMES_REVIEWS (REVIEWS_ID,GAMES_ID)VALUES(24,24);
INSERT INTO GAMES_REVIEWS (REVIEWS_ID,GAMES_ID)VALUES(25,25);
INSERT INTO GAMES_REVIEWS (REVIEWS_ID,GAMES_ID)VALUES(26,26);




